{"cameraMode":{"drawMode":0,"name":"Shaded","section":"Shading Mode"},"sceneLighting":true,"audioPlay":false,"sceneViewState":{"showFog":true,"showMaterialUpdate":false,"showSkybox":true,"showFlares":true,"showImageEffects":true,"showParticleSystems":true},"in2DMode":false,"pivot":{"x":0.9798679351806641,"y":1.2951929569244385,"z":-2.788400411605835},"rotation":{"x":-0.0963178500533104,"y":0.6285943984985352,"z":-0.07886461168527603,"w":-0.7677059173583984},"size":2.6184685230255129,"orthographic":false}